
{
    "version": "4.5.2.v202203091352",
    "created": "2022-04-17 14:34",
    "nodestats": {
        "nodes": [
            {
                "id": "org.knime.ext.poi3.node.io.filehandling.excel.reader.ExcelTableReaderNodeFactory#Excel Reader",
                "nrexecs": 3,
                "nrfails": 7,
                "exectime": 128998,
                "nrcreated": 6,
                "successor": "org.knime.base.node.mine.cluster.kmeans.ClusterNodeFactory2#k-Means"
            },
            {
                "id": "org.knime.base.node.preproc.filter.row.RowFilterNodeFactory#Row Filter",
                "nrexecs": 2,
                "nrfails": 0,
                "exectime": 1442,
                "nrcreated": 2,
                "successor": "org.knime.ext.jep.JEPNodeFactory#Math Formula"
            },
            {
                "id": "org.knime.ext.jep.JEPNodeFactory#Math Formula",
                "nrexecs": 1,
                "nrfails": 0,
                "exectime": 348,
                "nrcreated": 2,
                "successor": "org.knime.time.node.calculate.datetimedifference.DateTimeDifferenceNodeFactory#Date&Time Difference"
            },
            {
                "id": "org.knime.time.node.calculate.datetimedifference.DateTimeDifferenceNodeFactory#Date&Time Difference",
                "nrexecs": 1,
                "nrfails": 0,
                "exectime": 337,
                "nrcreated": 1,
                "successor": "org.knime.base.node.preproc.groupby.GroupByNodeFactory#GroupBy"
            },
            {
                "id": "org.knime.base.node.preproc.groupby.GroupByNodeFactory#GroupBy",
                "nrexecs": 2,
                "nrfails": 0,
                "exectime": 2710,
                "nrcreated": 1,
                "successor": "org.knime.base.node.preproc.autobinner3.AutoBinnerLearnNodeFactory#Auto-Binner"
            },
            {
                "id": "org.knime.base.node.preproc.autobinner3.AutoBinnerLearnNodeFactory#Auto-Binner",
                "nrexecs": 1,
                "nrfails": 0,
                "exectime": 131,
                "nrcreated": 1,
                "successor": "org.knime.base.node.preproc.cellreplace.CellReplacerNodeFactory#Cell Replacer"
            },
            {
                "id": "org.knime.base.node.io.tablecreator.TableCreator2NodeFactory#Table Creator",
                "nrexecs": 2,
                "nrfails": 0,
                "exectime": 52,
                "nrcreated": 1,
                "successor": "org.knime.base.node.preproc.cellreplace.CellReplacerNodeFactory#Cell Replacer"
            },
            {
                "id": "org.knime.base.node.preproc.cellreplace.CellReplacerNodeFactory#Cell Replacer",
                "nrexecs": 4,
                "nrfails": 0,
                "exectime": 111,
                "nrcreated": 1,
                "successor": "org.knime.base.node.preproc.cellreplace.CellReplacerNodeFactory#Cell Replacer"
            },
            {
                "id": "org.knime.base.node.mine.cluster.kmeans.ClusterNodeFactory2#k-Means",
                "nrexecs": 1,
                "nrfails": 0,
                "exectime": 211,
                "nrcreated": 1,
                "successor": "org.knime.ext.poi3.node.io.filehandling.excel.writer.ExcelTableWriterNodeFactory#Excel Writer"
            },
            {
                "id": "org.knime.ext.poi3.node.io.filehandling.excel.writer.ExcelTableWriterNodeFactory#Excel Writer",
                "nrexecs": 2,
                "nrfails": 1,
                "exectime": 252,
                "nrcreated": 1,
                "successor": "n/a"
            }
        ],
        "metaNodes": {
        },
        "wrappedNodes": {
        }
    },
    "uptime": 8747169,
    "workflowsOpened": 27,
    "remoteWorkflowsOpened": 2,
    "columnarStorageWorkflowsOpened": 0,
    "workflowsImported": 0,
    "workflowsExported": 0,
    "launches": 22,
    "lastApplicationID": "org.knime.product.KNIME_APPLICATION",
    "timeSinceLastStart": 1228813,
    "crashes": 0,
    "properlyShutDown": true
}